-- phpMyAdmin SQL Dump
-- version 4.1.14.8
-- http://www.phpmyadmin.net
--
-- Client :  db647156118.db.1and1.com
-- Généré le :  Jeu 04 Mai 2017 à 14:59
-- Version du serveur :  5.5.54-0+deb7u2-log
-- Version de PHP :  5.4.45-0+deb7u8

SET SQL_MODE = "NO_AUTO_VALUE_ON_ZERO";
SET time_zone = "+00:00";


/*!40101 SET @OLD_CHARACTER_SET_CLIENT=@@CHARACTER_SET_CLIENT */;
/*!40101 SET @OLD_CHARACTER_SET_RESULTS=@@CHARACTER_SET_RESULTS */;
/*!40101 SET @OLD_COLLATION_CONNECTION=@@COLLATION_CONNECTION */;
/*!40101 SET NAMES utf8 */;

--
-- Base de données :  `db647156118`
--

--
-- Vider la table avant d'insérer `annee`
--

-- TRUNCATE TABLE `annee`;
--
-- Contenu de la table `annee`
--

INSERT INTO `annee` (`id_annee`, `date_debut`, `date_fin`, `intitule`) VALUES
(1, '2016-08-31', '2017-07-07', '');

--
-- Vider la table avant d'insérer `appartenir`
--

-- TRUNCATE TABLE `appartenir`;
--
-- Contenu de la table `appartenir`
--

INSERT INTO `appartenir` (`id`, `date_changement`, `id_groupe`, `users_id`) VALUES
(1, '2016-09-12', 1, 2),
(2, '2016-09-12', 1, 2),
(3, '2016-09-12', 1, 3),
(4, '2016-09-12', 1, 4),
(5, '2016-09-12', 1, 5),
(6, '2016-09-12', 1, 6),
(7, '2016-09-12', 1, 7),
(8, '2016-09-12', 1, 8),
(9, '2016-09-12', 1, 9),
(10, '2016-09-12', 1, 10),
(12, '2016-09-12', 1, 12),
(13, '2016-09-12', 1, 13),
(14, '2016-09-12', 1, 14),
(15, '2016-09-12', 1, 15),
(16, '2016-09-12', 1, 16),
(17, '2016-09-12', 1, 17),
(18, '2016-09-12', 1, 18),
(19, '2016-09-12', 1, 19),
(20, '2016-09-12', 1, 20),
(21, '2016-09-12', 1, 21),
(22, '2016-09-12', 1, 22),
(23, '2016-09-12', 1, 23),
(24, '2016-09-12', 1, 24),
(25, '2016-09-12', 1, 25),
(26, '2016-09-12', 1, 26),
(27, '2016-09-12', 1, 27),
(28, '2016-09-12', 1, 28),
(29, '2016-09-12', 1, 29),
(30, '2016-09-12', 1, 30),
(31, '2016-09-12', 1, 31),
(32, '2016-09-12', 1, 32);

--
-- Vider la table avant d'insérer `appeller`
--

-- TRUNCATE TABLE `appeller`;
--
-- Vider la table avant d'insérer `auto_evaluer`
--

-- TRUNCATE TABLE `auto_evaluer`;
--
-- Contenu de la table `auto_evaluer`
--

INSERT INTO `auto_evaluer` (`id`, `date_autoEval`, `note_autoEval`, `id_competence`, `users_id`, `commentaire`) VALUES
(1, '2016-09-12 22:50:03', 4, 1, 32, ''),
(2, '2016-09-12 22:50:03', 4, 3, 32, ''),
(3, '2016-09-12 22:50:03', 3, 4, 32, ''),
(4, '2016-09-12 22:50:03', 3, 5, 32, ''),
(5, '2016-09-12 22:50:03', 2, 6, 32, ''),
(6, '2016-09-12 22:50:03', 1, 7, 32, ''),
(7, '2016-09-12 22:50:03', 3, 8, 32, ''),
(8, '2016-09-12 22:50:03', 2, 9, 32, ''),
(9, '2016-09-21 18:03:17', 3, 1, 32, ''),
(10, '2016-09-21 21:46:26', 5, 1, 32, 'Commentaire OK'),
(11, '2016-09-21 22:41:19', 4, 1, 32, ''),
(12, '2016-09-21 22:41:19', 4, 3, 32, ''),
(13, '2016-09-21 22:41:19', 3, 4, 32, ''),
(14, '2016-09-21 22:41:19', 3, 5, 32, ''),
(15, '2016-09-21 22:41:19', 3, 6, 32, ''),
(16, '2016-09-21 22:41:19', 2, 7, 32, ''),
(17, '2016-09-21 22:41:19', 3, 8, 32, ''),
(18, '2016-09-21 22:41:19', 2, 9, 32, ''),
(19, '2016-09-21 22:42:00', 3, 10, 32, ''),
(20, '2016-09-21 22:42:00', 2, 11, 32, ''),
(21, '2016-09-21 22:42:00', 4, 12, 32, ''),
(22, '2016-09-21 22:42:00', 4, 14, 32, ''),
(23, '2016-09-22 00:24:56', 3, 15, 32, ''),
(24, '2016-09-22 00:24:56', 3, 16, 32, ''),
(25, '2016-09-22 00:24:56', 4, 10, 32, ''),
(26, '2016-09-22 00:24:56', 3, 11, 32, ''),
(27, '2016-09-22 00:24:56', 3, 12, 32, ''),
(28, '2016-09-22 00:24:56', 3, 13, 32, ''),
(29, '2016-09-22 00:24:56', 3, 14, 32, ''),
(30, '2016-09-22 08:24:58', 3, 10, 32, ''),
(31, '2016-09-22 08:24:58', 2, 11, 32, 'Rien compris aux convertions...'),
(32, '2016-09-22 08:24:58', 4, 12, 32, ''),
(33, '2016-09-22 08:24:58', 3, 15, 32, ''),
(34, '2016-09-22 15:21:15', 3, 14, 32, ''),
(35, '2016-09-22 15:21:15', 4, 13, 32, ''),
(36, '2016-09-22 15:21:15', 4, 12, 32, 'Comparaison maitrisées'),
(37, '2016-09-27 06:38:41', 5, 1, 10, ''),
(38, '2016-09-27 06:38:41', 5, 3, 10, ''),
(39, '2016-09-27 06:38:41', 4, 8, 10, ''),
(40, '2016-09-27 06:38:41', 4, 9, 10, ''),
(41, '2016-09-27 06:38:41', 3, 6, 10, ''),
(42, '2016-09-27 06:38:41', 3, 5, 10, ''),
(43, '2016-09-27 06:38:41', 3, 7, 10, ''),
(44, '2016-09-27 06:38:41', 3, 4, 10, ''),
(45, '2016-09-27 06:43:42', 4, 1, 2, ''),
(46, '2016-09-27 06:43:42', 4, 3, 2, ''),
(47, '2016-09-27 06:43:42', 4, 4, 2, ''),
(48, '2016-09-27 06:43:42', 4, 5, 2, ''),
(49, '2016-09-27 06:43:42', 4, 6, 2, ''),
(50, '2016-09-27 06:43:42', 4, 9, 2, ''),
(51, '2016-09-28 17:04:23', 4, 1, 26, ''),
(52, '2016-09-28 17:04:23', 4, 3, 26, ''),
(53, '2016-09-28 17:04:23', 4, 4, 26, ''),
(54, '2016-09-28 17:04:23', 4, 5, 26, ''),
(55, '2016-09-28 17:04:23', 4, 6, 26, ''),
(56, '2016-09-28 17:04:23', 3, 7, 26, ''),
(57, '2016-09-28 21:15:31', 3, 16, 3, ''),
(58, '2016-09-28 21:15:31', 2, 10, 3, ''),
(59, '2016-09-28 21:15:31', 2, 11, 3, ''),
(60, '2016-09-28 21:15:31', 3, 13, 3, ''),
(61, '2016-09-28 21:15:31', 4, 12, 3, ''),
(62, '2016-09-28 21:15:31', 4, 14, 3, ''),
(63, '2016-09-28 21:15:31', 3, 15, 3, ''),
(64, '2016-09-28 21:16:37', 4, 1, 3, ''),
(65, '2016-09-28 21:16:37', 4, 3, 3, ''),
(66, '2016-09-28 21:16:37', 4, 4, 3, ''),
(67, '2016-09-28 21:16:37', 4, 5, 3, ''),
(68, '2016-09-28 21:16:37', 4, 6, 3, ''),
(69, '2016-09-28 21:16:37', 3, 7, 3, ''),
(70, '2016-09-28 21:16:37', 4, 8, 3, ''),
(71, '2016-09-28 21:16:37', 2, 9, 3, ''),
(72, '2016-09-28 21:18:18', 3, 32, 3, ''),
(73, '2016-09-28 21:18:18', 3, 33, 3, ''),
(74, '2016-09-28 21:18:18', 2, 34, 3, ''),
(75, '2016-09-28 21:18:18', 2, 35, 3, ''),
(76, '2016-09-28 21:18:18', 1, 36, 3, ''),
(77, '2016-09-29 12:44:25', 4, 1, 20, ''),
(78, '2016-09-29 12:44:25', 4, 3, 20, ''),
(79, '2016-09-29 12:44:25', 4, 4, 20, ''),
(80, '2016-09-29 12:44:25', 4, 5, 20, ''),
(81, '2016-09-29 12:44:25', 4, 6, 20, ''),
(82, '2016-09-29 12:44:25', 3, 7, 20, 'Message d''erreur simple compris'),
(83, '2016-09-29 12:44:25', 4, 8, 20, ''),
(84, '2016-09-29 12:44:25', 4, 9, 20, ''),
(85, '2016-09-29 12:44:29', 4, 1, 30, ''),
(86, '2016-09-29 12:44:29', 4, 3, 30, ''),
(87, '2016-09-29 12:44:29', 4, 4, 30, ''),
(88, '2016-09-29 12:44:29', 4, 5, 30, ''),
(89, '2016-09-29 12:44:29', 4, 6, 30, ''),
(90, '2016-09-29 12:44:29', 3, 7, 30, 'messages Basiques compris'),
(91, '2016-09-29 12:44:29', 4, 8, 30, ''),
(92, '2016-09-29 12:44:29', 4, 9, 30, ''),
(93, '2016-09-29 12:45:41', 4, 10, 20, ''),
(94, '2016-09-29 12:45:41', 3, 11, 20, ''),
(95, '2016-09-29 12:45:41', 4, 12, 20, ''),
(96, '2016-09-29 12:45:41', 3, 13, 20, ''),
(97, '2016-09-29 12:45:41', 2, 14, 20, ''),
(98, '2016-09-29 12:45:41', 3, 15, 20, 'If, If...else acquis et Switch...case a renforcer'),
(99, '2016-09-29 12:45:41', 4, 16, 20, ''),
(100, '2016-09-29 12:45:54', 4, 10, 30, ''),
(101, '2016-09-29 12:45:54', 3, 11, 30, ''),
(102, '2016-09-29 12:45:54', 4, 12, 30, ''),
(103, '2016-09-29 12:45:54', 3, 13, 30, ''),
(104, '2016-09-29 12:45:54', 2, 14, 30, ''),
(105, '2016-09-29 12:45:54', 3, 15, 30, 'if, else aquis. switch,case a renforcer'),
(106, '2016-09-29 12:45:54', 4, 16, 30, ''),
(107, '2016-09-29 12:46:54', 4, 32, 30, ''),
(108, '2016-09-29 12:46:54', 4, 33, 30, ''),
(109, '2016-09-29 12:46:54', 3, 34, 30, ''),
(110, '2016-09-29 12:46:55', 4, 32, 20, ''),
(111, '2016-09-29 12:46:55', 4, 33, 20, ''),
(112, '2016-09-29 12:46:55', 3, 34, 20, ''),
(113, '2016-09-29 12:48:54', 3, 17, 20, ''),
(114, '2016-09-29 12:48:54', 3, 18, 20, ''),
(115, '2016-09-29 12:48:54', 3, 20, 20, ''),
(116, '2016-09-29 12:48:54', 3, 21, 20, ''),
(117, '2016-09-29 12:48:54', 3, 22, 20, ''),
(118, '2016-09-29 12:48:54', 3, 17, 30, ''),
(119, '2016-09-29 12:48:54', 3, 18, 30, ''),
(120, '2016-09-29 12:48:54', 3, 20, 30, ''),
(121, '2016-09-29 12:48:54', 3, 21, 30, ''),
(122, '2016-09-29 12:48:54', 3, 22, 30, ''),
(123, '2016-09-29 12:51:24', 3, 35, 20, ''),
(124, '2016-09-29 12:51:34', 4, 32, 30, ''),
(125, '2016-09-29 12:51:34', 3, 35, 30, ''),
(126, '2016-09-29 12:51:34', 4, 34, 30, ''),
(127, '2016-09-29 12:51:34', 4, 33, 30, ''),
(128, '2016-09-29 13:02:29', 2, 10, 7, ''),
(129, '2016-09-29 13:02:29', 3, 11, 7, ''),
(130, '2016-09-29 13:02:29', 2, 13, 7, ''),
(131, '2016-09-29 13:02:29', 3, 12, 7, ''),
(132, '2016-09-29 13:02:29', 3, 16, 7, ''),
(133, '2016-09-29 13:02:29', 3, 15, 7, ''),
(134, '2016-09-29 13:03:51', 2, 17, 7, ''),
(135, '2016-09-29 13:03:51', 2, 18, 7, ''),
(136, '2016-09-29 13:03:51', 3, 20, 7, ''),
(137, '2016-09-29 13:03:51', 2, 21, 7, ''),
(138, '2016-09-29 13:03:51', 2, 22, 7, ''),
(139, '2016-09-29 13:04:38', 4, 32, 7, ''),
(140, '2016-09-29 13:04:38', 4, 33, 7, ''),
(141, '2016-09-29 13:04:38', 3, 34, 7, ''),
(142, '2016-09-29 13:04:38', 4, 35, 7, ''),
(143, '2016-09-29 13:05:36', 5, 3, 27, ''),
(144, '2016-09-29 13:05:36', 4, 6, 27, 'Encore difficile pour savoir comment interpréter la donnée'),
(145, '2016-09-29 13:05:36', 3, 7, 27, 'Difficile pour bien tout comprendre'),
(146, '2016-09-29 13:05:36', 5, 8, 27, ''),
(147, '2016-09-29 13:05:36', 4, 9, 27, '');

--
-- Vider la table avant d'insérer `commentaire_competence`
--

-- TRUNCATE TABLE `commentaire_competence`;
--
-- Vider la table avant d'insérer `competence`
--

-- TRUNCATE TABLE `competence`;
--
-- Contenu de la table `competence`
--

INSERT INTO `competence` (`nom_competence`, `id_competence`, `id_groupeCompetence`) VALUES
('Création d''une solution', 1, 1),
('Ajouter un projet à une solution', 3, 1),
('Poser un point d''arrêt', 4, 1),
('Exécuter en pas à pas', 5, 1),
('Placer un espion sur une donnée', 6, 1),
('Compréhension des messages d''erreurs', 7, 1),
('L''intellisense est utilisée à bon escient', 8, 1),
('Utilisation de l''aide en ligne Microsoft', 9, 1),
('Variable, nom, affectation', 10, 2),
('Types de base, compatibilité, conversion de type', 11, 2),
('Comparaison, égalité, inégalité', 12, 2),
('Manipulation et affichage de String', 13, 2),
('Opérateurs logiques ET, OU, NON', 14, 2),
('Conditions: if, if … else, switch … case', 15, 2),
('Les itérations: for, while, do', 16, 2),
('Déclarer un objet d''une classe donnée', 17, 3),
('Instancier un objet d''une classe donnée', 18, 3),
('Identifier un objet grâce à son hashcode', 19, 3),
('Utiliser une méthode d''un objet', 20, 3),
('Classe, attributs, propriétés, constructeur, méthodes', 21, 3),
('Méthodes : Passage de paramètre, valeur par défaut, valeur de retour', 22, 3),
('Surcharger la méthode ToString()', 23, 3),
('Utiliser une DLL dans un projet', 24, 3),
('Déclarer un tableau à une dimension', 25, 3),
('Instancier un tableau vide', 26, 3),
('Instancier un tableau initialisé', 27, 3),
('Affecter une valeur à un élément particulier d''un tableau', 28, 3),
('Affecter une valeur à tous les éléments d''un tableau', 29, 3),
('Afficher un tableau', 30, 3),
('Différencier la copie d''un handle de la copie du tableau', 31, 3),
('Composer une fiche avec les composants désirés', 32, 4),
('Identifier et configurer les propriétés', 33, 4),
('Identifier les événements utiles à l''application', 34, 4),
('Coder un gestionnaire d’événement', 35, 4),
('Mettre en place un Timer, première notion de parallélisme', 36, 4),
('Connaître les limitations des tableaux', 37, 5),
('Connaître les fonctionnalités communes aux collections', 38, 5),
('Connaître la notion de boxing - unboxing et ses implications', 39, 5),
('Comprendre la différence d''organisation mémoire entre int[] unTab et object[] unTab', 40, 5),
('Mise en oeuvre minimale (ajouter, supprimer, lire un élément, parcourir le conteneur) d''une ArrayLis', 41, 5),
('Mise en oeuvre minimales (ajouter, supprimer, lire un élément, parcourir le conteneur) d''une Queue', 42, 5),
('Mise en oeuvre minimales (ajouter, supprimer, lire un élément, parcourir le conteneur) d''une Stack', 43, 5),
('Mise en oeuvre minimales (ajouter, supprimer, lire un élément, parcourir le conteneur) d''une SortedL', 44, 5),
('Comprendre la notion de « flux », en donner des exemples', 45, 6),
('Utiliser les flux de lecture et d''écriture sur un fichier texte', 46, 6),
('Vérifier l''existence d''un fichier avant son utilisation', 47, 6),
('Récupérer les informations concernant un fichier (date création, modification, chemin)', 48, 6),
('Lire le contenu d''un fichier CSV en utilisant System.Data.OleDb', 49, 6),
('Ajouter une ligne à un fichier CSV en utilisant System.Data.OleDb', 50, 6),
('Identifier la structure d''un document XML : racine, nœud, attribut', 51, 6),
('Générer un document XML', 52, 6),
('Parcourir en lecture un document XML', 53, 6),
('Ajouter un nœud à un document XML', 54, 6),
('Supprimer des nœuds dans un document XML', 55, 6),
('Savoir faire la différence entre une situation exceptionnelle d''exécution d''un programme et une erre', 56, 7),
('Protéger des exceptions une portion de code (try)', 57, 7),
('Lancer une exception (throw)', 58, 7),
('Définir et attraper (catch) les différentes exceptions lancées par une portion de code surveillée', 59, 7),
('Comprendre la propagation des exceptions dans la pile d''appel des fonctions', 60, 7),
('Élaborer une classe d''exception personnelle', 61, 7),
('Mettre en pratique une gestion fine des exceptions (plusieurs catch() typés)', 62, 7);

--
-- Vider la table avant d'insérer `contact`
--

-- TRUNCATE TABLE `contact`;
--
-- Vider la table avant d'insérer `contenir`
--

-- TRUNCATE TABLE `contenir`;
--
-- Vider la table avant d'insérer `diplome`
--

-- TRUNCATE TABLE `diplome`;
--
-- Contenu de la table `diplome`
--

INSERT INTO `diplome` (`id_diplome`, `nom_diplome`, `niveau_diplome`) VALUES
(1, 'BTS SNIR', 'Bac +2'),
(2, 'Bac S', 'Bac Général'),
(3, 'Bac ES', 'Bac Général'),
(4, 'BacPro SEN', 'Bac Professionnel'),
(5, 'BacPro ELEEC', 'Bac Professionnel'),
(6, 'Bac STI2D', 'Bac Technologique');

--
-- Vider la table avant d'insérer `epreuve`
--

-- TRUNCATE TABLE `epreuve`;
--
-- Vider la table avant d'insérer `evaluer_avec_epreuve`
--

-- TRUNCATE TABLE `evaluer_avec_epreuve`;
--
-- Vider la table avant d'insérer `evaluer_simplement`
--

-- TRUNCATE TABLE `evaluer_simplement`;
--
-- Contenu de la table `evaluer_simplement`
--

INSERT INTO `evaluer_simplement` (`id`, `note_evaluerSimplement`, `date_EvaluerSimplement`, `id_competence`, `users_id_prof`, `users_id_eleve`) VALUES
(1, 3, '2016-09-21 18:48:44', 1, 1, 32),
(2, 3, '2016-09-22 15:23:55', 1, 1, 32),
(3, 3, '2016-09-22 15:23:55', 3, 1, 32),
(4, 4, '2016-09-22 15:23:55', 4, 1, 32),
(5, 1, '2017-05-03 08:42:15', 1, 1, 2),
(6, 1, '2017-05-03 08:42:15', 4, 1, 2),
(7, 4, '2017-05-03 08:42:15', 5, 1, 2),
(8, 1, '2017-05-03 08:42:15', 1, 1, 3),
(9, 1, '2017-05-03 08:42:15', 4, 1, 3),
(10, 2, '2017-05-03 08:42:15', 5, 1, 3),
(11, 1, '2017-05-03 08:42:15', 1, 1, 4),
(12, 1, '2017-05-03 08:42:15', 4, 1, 4),
(13, 5, '2017-05-03 08:42:15', 5, 1, 4),
(14, 1, '2017-05-03 08:42:15', 1, 1, 5),
(15, 1, '2017-05-03 08:42:15', 4, 1, 5),
(16, 5, '2017-05-03 08:42:15', 5, 1, 5),
(17, 1, '2017-05-03 08:42:15', 1, 1, 6),
(18, 1, '2017-05-03 08:42:15', 4, 1, 6),
(19, 1, '2017-05-03 08:42:15', 5, 1, 6),
(20, 1, '2017-05-03 08:42:15', 1, 1, 7),
(21, 1, '2017-05-03 08:42:15', 4, 1, 7),
(22, 2, '2017-05-03 08:42:15', 5, 1, 7),
(23, 1, '2017-05-03 08:42:15', 1, 1, 8),
(24, 1, '2017-05-03 08:42:15', 4, 1, 8),
(25, 1, '2017-05-03 08:42:15', 5, 1, 8),
(26, 1, '2017-05-03 08:42:15', 1, 1, 9),
(27, 1, '2017-05-03 08:42:15', 4, 1, 9),
(28, 2, '2017-05-03 08:42:15', 5, 1, 9),
(29, 1, '2017-05-03 08:42:15', 1, 1, 10),
(30, 1, '2017-05-03 08:42:15', 4, 1, 10),
(31, 4, '2017-05-03 08:42:15', 5, 1, 10),
(32, 1, '2017-05-03 08:42:15', 1, 1, 12),
(33, 1, '2017-05-03 08:42:15', 4, 1, 12),
(34, 5, '2017-05-03 08:42:15', 5, 1, 12),
(35, 1, '2017-05-03 08:42:15', 1, 1, 13),
(36, 1, '2017-05-03 08:42:15', 4, 1, 13),
(37, 1, '2017-05-03 08:42:15', 5, 1, 13),
(38, 1, '2017-05-03 08:42:15', 1, 1, 14),
(39, 1, '2017-05-03 08:42:15', 4, 1, 14),
(40, 2, '2017-05-03 08:42:15', 5, 1, 14),
(41, 1, '2017-05-03 08:42:15', 1, 1, 15),
(42, 1, '2017-05-03 08:42:15', 4, 1, 15),
(43, 2, '2017-05-03 08:42:15', 5, 1, 15),
(44, 1, '2017-05-03 08:42:15', 1, 1, 16),
(45, 1, '2017-05-03 08:42:15', 4, 1, 16),
(46, 1, '2017-05-03 08:42:15', 5, 1, 16),
(47, 1, '2017-05-03 08:42:15', 1, 1, 17),
(48, 1, '2017-05-03 08:42:15', 4, 1, 17),
(49, 1, '2017-05-03 08:42:15', 5, 1, 17),
(50, 1, '2017-05-03 08:42:15', 1, 1, 18),
(51, 1, '2017-05-03 08:42:15', 4, 1, 18),
(52, 5, '2017-05-03 08:42:15', 5, 1, 18),
(53, 1, '2017-05-03 08:42:15', 1, 1, 19),
(54, 1, '2017-05-03 08:42:15', 4, 1, 19),
(55, 4, '2017-05-03 08:42:15', 5, 1, 19),
(56, 1, '2017-05-03 08:42:15', 1, 1, 20),
(57, 1, '2017-05-03 08:42:15', 4, 1, 20),
(58, 5, '2017-05-03 08:42:15', 5, 1, 20),
(59, 1, '2017-05-03 08:42:15', 1, 1, 21),
(60, 1, '2017-05-03 08:42:15', 4, 1, 21),
(61, 1, '2017-05-03 08:42:15', 5, 1, 21),
(62, 1, '2017-05-03 08:42:15', 1, 1, 22),
(63, 1, '2017-05-03 08:42:15', 4, 1, 22),
(64, 4, '2017-05-03 08:42:15', 5, 1, 22),
(65, 1, '2017-05-03 08:42:15', 1, 1, 23),
(66, 1, '2017-05-03 08:42:15', 4, 1, 23),
(67, 3, '2017-05-03 08:42:15', 5, 1, 23),
(68, 1, '2017-05-03 08:42:15', 1, 1, 24),
(69, 1, '2017-05-03 08:42:15', 4, 1, 24),
(70, 3, '2017-05-03 08:42:15', 5, 1, 24),
(71, 1, '2017-05-03 08:42:15', 1, 1, 25),
(72, 1, '2017-05-03 08:42:15', 4, 1, 25),
(73, 2, '2017-05-03 08:42:15', 5, 1, 25),
(74, 1, '2017-05-03 08:42:15', 1, 1, 26),
(75, 1, '2017-05-03 08:42:15', 4, 1, 26),
(76, 4, '2017-05-03 08:42:15', 5, 1, 26),
(77, 1, '2017-05-03 08:42:15', 1, 1, 27),
(78, 1, '2017-05-03 08:42:15', 4, 1, 27),
(79, 1, '2017-05-03 08:42:15', 5, 1, 27),
(80, 1, '2017-05-03 08:42:15', 1, 1, 28),
(81, 1, '2017-05-03 08:42:15', 4, 1, 28),
(82, 1, '2017-05-03 08:42:15', 5, 1, 28),
(83, 1, '2017-05-03 08:42:15', 1, 1, 29),
(84, 1, '2017-05-03 08:42:15', 4, 1, 29),
(85, 2, '2017-05-03 08:42:15', 5, 1, 29),
(86, 1, '2017-05-03 08:42:16', 1, 1, 30),
(87, 1, '2017-05-03 08:42:16', 4, 1, 30),
(88, 5, '2017-05-03 08:42:16', 5, 1, 30),
(89, 1, '2017-05-03 08:42:16', 1, 1, 31),
(90, 1, '2017-05-03 08:42:16', 4, 1, 31),
(91, 2, '2017-05-03 08:42:16', 5, 1, 31),
(92, 1, '2017-05-03 08:42:16', 1, 1, 32),
(93, 1, '2017-05-03 08:42:16', 4, 1, 32),
(94, 1, '2017-05-03 08:42:16', 5, 1, 32),
(95, 1, '2017-05-04 13:49:14', 1, 1, 2),
(96, 3, '2017-05-04 13:49:14', 4, 1, 2),
(97, 4, '2017-05-04 13:49:14', 5, 1, 2),
(98, 4, '2017-05-04 13:49:14', 6, 1, 2),
(99, 1, '2017-05-04 13:49:14', 1, 1, 5),
(100, 5, '2017-05-04 13:49:14', 4, 1, 5),
(101, 4, '2017-05-04 13:49:14', 5, 1, 5),
(102, 2, '2017-05-04 13:49:14', 6, 1, 5),
(103, 1, '2017-05-04 13:49:14', 1, 1, 7),
(104, 5, '2017-05-04 13:49:14', 4, 1, 7),
(105, 4, '2017-05-04 13:49:14', 5, 1, 7),
(106, 4, '2017-05-04 13:49:14', 6, 1, 7);

--
-- Vider la table avant d'insérer `groupe`
--

-- TRUNCATE TABLE `groupe`;
--
-- Contenu de la table `groupe`
--

INSERT INTO `groupe` (`nom_groupe`, `id_groupe`, `id_annee`, `id_diplome`) VALUES
('1-SNIR P2018', 1, 1, 1);

--
-- Vider la table avant d'insérer `groupe_competence`
--

-- TRUNCATE TABLE `groupe_competence`;
--
-- Contenu de la table `groupe_competence`
--

INSERT INTO `groupe_competence` (`nom_groupe`, `id_groupeCompetence`, `id_matiere`) VALUES
('Visual-Studio', 1, 1),
('Bases algorithme et programmation', 2, 1),
('C# objet', 3, 1),
('Applications Windows', 4, 1),
('C#, les collections', 5, 1),
('C#, les fichiers', 6, 1),
('C#, les exceptions', 7, 1),
('C#, les tests unitaires', 8, 1),
('Technologies WEB', 9, 1),
('HTML ', 10, 1),
('CSS ', 11, 1),
('PHP ', 12, 1),
('Base de données', 13, 1),
('Web-Services', 14, 1);

--
-- Vider la table avant d'insérer `intervient`
--

-- TRUNCATE TABLE `intervient`;
--
-- Contenu de la table `intervient`
--

INSERT INTO `intervient` (`id`, `id_intervenant`, `id_matiere`, `users_id`) VALUES
(1, 0, 1, 1),
(2, 0, 1, 33);

--
-- Vider la table avant d'insérer `log_users`
--

-- TRUNCATE TABLE `log_users`;
--
-- Contenu de la table `log_users`
--

INSERT INTO `log_users` (`id`, `text_action`, `action`, `created_at`, `users_id`, `visibilite`) VALUES
(1, 'Connexion à votre compte', 'Connexion', '2016-09-11 16:59:10', 1, 1),
(2, 'Modification de vos coordonnées', 'Edition', '2016-09-11 17:00:45', 1, 1),
(3, 'Connexion à votre compte', 'Connexion', '2016-09-12 22:25:50', 32, 1),
(4, 'Connexion à votre compte', 'Connexion', '2016-09-12 22:26:25', 32, 1),
(5, 'Connexion à votre compte', 'Connexion', '2016-09-12 22:59:32', 1, 1),
(6, 'Données élève mise à jour pour AJETER testeur', 'Mise à jour', '2016-09-12 23:02:35', 1, 1),
(7, 'Connexion à votre compte', 'Connexion', '2016-09-13 09:37:52', 1, 1),
(8, 'Connexion à votre compte', 'Connexion', '2016-09-13 09:56:04', 32, 1),
(9, 'Connexion à votre compte', 'Connexion', '2016-09-19 23:35:55', 1, 1),
(10, 'Connexion à votre compte', 'Connexion', '2016-09-20 09:17:44', 1, 1),
(11, 'Modification de votre mot de passe', 'Edition', '2016-09-20 09:18:15', 1, 1),
(12, 'Modification de votre photo de profil', 'Edition', '2016-09-20 09:18:55', 1, 1),
(13, 'Modification de votre photo de profil', 'Edition', '2016-09-20 09:19:19', 1, 1),
(14, 'Connexion à votre compte', 'Connexion', '2016-09-20 09:20:03', 1, 1),
(15, 'Connexion à votre compte', 'Connexion', '2016-09-20 09:30:14', 32, 1),
(16, 'Modification de votre photo de profil', 'Edition', '2016-09-20 09:34:00', 32, 1),
(17, 'Connexion à votre compte', 'Connexion', '2016-09-20 09:34:31', 1, 1),
(18, 'Connexion à votre compte', 'Connexion', '2016-09-21 15:27:17', 27, 1),
(19, 'Connexion à votre compte', 'Connexion', '2016-09-21 15:29:44', 32, 1),
(20, 'Connexion à votre compte', 'Connexion', '2016-09-21 15:32:07', 29, 1),
(21, 'Modification de votre photo de profil', 'Edition', '2016-09-21 15:44:51', 29, 1),
(22, 'Connexion à votre compte', 'Connexion', '2016-09-21 18:03:00', 32, 1),
(23, 'Connexion à votre compte', 'Connexion', '2016-09-21 18:27:54', 32, 1),
(24, 'Connexion à votre compte', 'Connexion', '2016-09-21 18:40:32', 32, 1),
(25, 'Connexion à votre compte', 'Connexion', '2016-09-21 18:48:05', 1, 1),
(26, 'Notation type exam effectué pour AJETER testeur', 'Notation', '2016-09-21 18:48:44', 1, 1),
(27, 'Connexion à votre compte', 'Connexion', '2016-09-21 21:45:18', 32, 1),
(28, 'Connexion à votre compte', 'Connexion', '2016-09-21 21:45:44', 32, 1),
(29, 'Connexion à votre compte', 'Connexion', '2016-09-21 22:22:42', 32, 1),
(30, 'Connexion à votre compte', 'Connexion', '2016-09-21 22:23:41', 1, 1),
(31, 'Connexion à votre compte', 'Connexion', '2016-09-21 22:28:51', 32, 1),
(32, 'Connexion à votre compte', 'Connexion', '2016-09-21 22:49:11', 1, 1),
(33, 'Connexion à votre compte', 'Connexion', '2016-09-22 08:23:03', 32, 1),
(34, 'Connexion à votre compte', 'Connexion', '2016-09-22 08:26:51', 2, 1),
(35, 'Connexion à votre compte', 'Connexion', '2016-09-22 15:20:04', 32, 1),
(36, 'Connexion à votre compte', 'Connexion', '2016-09-22 15:22:13', 1, 1),
(37, 'Notation type exam effectué pour AJETER testeur', 'Notation', '2016-09-22 15:23:55', 1, 1),
(38, 'Connexion à votre compte', 'Connexion', '2016-09-26 09:54:18', 1, 1),
(39, 'Modification de votre photo de profil', 'Edition', '2016-09-26 09:55:01', 1, 1),
(40, 'Modification de votre photo de profil', 'Edition', '2016-09-26 09:55:31', 1, 1),
(41, 'Connexion à votre compte', 'Connexion', '2016-09-26 11:02:38', 33, 1),
(42, 'Connexion à votre compte', 'Connexion', '2016-09-26 19:46:50', 1, 1),
(43, 'Connexion à votre compte', 'Connexion', '2016-09-27 06:35:22', 10, 1),
(44, 'Modification de votre photo de profil', 'Edition', '2016-09-27 06:36:54', 10, 1),
(45, 'Connexion à votre compte', 'Connexion', '2016-09-27 06:41:32', 2, 1),
(46, 'Connexion à votre compte', 'Connexion', '2016-09-27 10:46:56', 1, 1),
(47, 'Connexion à votre compte', 'Connexion', '2016-09-27 12:03:03', 15, 1),
(48, 'Connexion à votre compte', 'Connexion', '2016-09-27 12:03:20', 12, 1),
(49, 'Connexion à votre compte', 'Connexion', '2016-09-28 11:47:06', 33, 1),
(50, 'Connexion à votre compte', 'Connexion', '2016-09-28 14:15:01', 1, 1),
(51, 'Connexion à votre compte', 'Connexion', '2016-09-28 17:02:58', 26, 1),
(52, 'Connexion à votre compte', 'Connexion', '2016-09-28 17:04:59', 20, 1),
(53, 'Connexion à votre compte', 'Connexion', '2016-09-28 19:17:17', 24, 1),
(54, 'Connexion à votre compte', 'Connexion', '2016-09-28 21:11:03', 3, 1),
(55, 'Connexion à votre compte', 'Connexion', '2016-09-29 12:41:58', 20, 1),
(56, 'Connexion à votre compte', 'Connexion', '2016-09-29 12:42:00', 30, 1),
(57, 'Connexion à votre compte', 'Connexion', '2016-09-29 12:57:24', 20, 1),
(58, 'Connexion à votre compte', 'Connexion', '2016-09-29 12:58:01', 30, 1),
(59, 'Connexion à votre compte', 'Connexion', '2016-09-29 12:58:47', 20, 1),
(60, 'Connexion à votre compte', 'Connexion', '2016-09-29 12:59:38', 7, 1),
(61, 'Connexion à votre compte', 'Connexion', '2016-09-29 13:00:54', 27, 1),
(62, 'Connexion à votre compte', 'Connexion', '2016-10-01 11:50:58', 1, 1),
(63, 'Connexion à votre compte', 'Connexion', '2016-10-01 15:03:17', 1, 1),
(64, 'Connexion à votre compte', 'Connexion', '2016-10-20 16:22:51', 1, 1),
(65, 'Connexion à votre compte', 'Connexion', '2017-05-03 08:36:56', 1, 1),
(66, 'Notation type exam effectué pour ABBOU Yorane', 'Notation', '2017-05-03 08:42:15', 1, 1),
(67, 'Notation type exam effectué pour ABOULIN Christopher', 'Notation', '2017-05-03 08:42:15', 1, 1),
(68, 'Notation type exam effectué pour AFARIAN Julien', 'Notation', '2017-05-03 08:42:15', 1, 1),
(69, 'Notation type exam effectué pour AKNINE Rony', 'Notation', '2017-05-03 08:42:15', 1, 1),
(70, 'Notation type exam effectué pour BONNIN Manuel', 'Notation', '2017-05-03 08:42:15', 1, 1),
(71, 'Notation type exam effectué pour BOUKAIS Sid-Amhed', 'Notation', '2017-05-03 08:42:15', 1, 1),
(72, 'Notation type exam effectué pour BOULGHIB Jalil', 'Notation', '2017-05-03 08:42:15', 1, 1),
(73, 'Notation type exam effectué pour CASAGRANDI Nathan', 'Notation', '2017-05-03 08:42:15', 1, 1),
(74, 'Notation type exam effectué pour CASCHERA Yohan', 'Notation', '2017-05-03 08:42:15', 1, 1),
(75, 'Notation type exam effectué pour DEYRIEUX Thomas', 'Notation', '2017-05-03 08:42:15', 1, 1),
(76, 'Notation type exam effectué pour EKICI Elias', 'Notation', '2017-05-03 08:42:15', 1, 1),
(77, 'Notation type exam effectué pour FELIX Gabriel', 'Notation', '2017-05-03 08:42:15', 1, 1),
(78, 'Notation type exam effectué pour FOUARD Cédric', 'Notation', '2017-05-03 08:42:15', 1, 1),
(79, 'Notation type exam effectué pour GRESSET-BOURGEOIS Thomas', 'Notation', '2017-05-03 08:42:15', 1, 1),
(80, 'Notation type exam effectué pour JOLY Ymahé', 'Notation', '2017-05-03 08:42:15', 1, 1),
(81, 'Notation type exam effectué pour LEMAITRE Nôam', 'Notation', '2017-05-03 08:42:15', 1, 1),
(82, 'Notation type exam effectué pour LOPEZ Thibault', 'Notation', '2017-05-03 08:42:15', 1, 1),
(83, 'Notation type exam effectué pour MARCILLOUX Florian', 'Notation', '2017-05-03 08:42:15', 1, 1),
(84, 'Notation type exam effectué pour MARTIN Antoine', 'Notation', '2017-05-03 08:42:15', 1, 1),
(85, 'Notation type exam effectué pour MEIRELES Everardo', 'Notation', '2017-05-03 08:42:15', 1, 1),
(86, 'Notation type exam effectué pour PARIS Jean-Christophe', 'Notation', '2017-05-03 08:42:15', 1, 1),
(87, 'Notation type exam effectué pour PERRIER Alexis', 'Notation', '2017-05-03 08:42:15', 1, 1),
(88, 'Notation type exam effectué pour PONTACCIOLO Maxence', 'Notation', '2017-05-03 08:42:15', 1, 1),
(89, 'Notation type exam effectué pour ROBERT Théry', 'Notation', '2017-05-03 08:42:15', 1, 1),
(90, 'Notation type exam effectué pour SAVOLLE Léonard', 'Notation', '2017-05-03 08:42:15', 1, 1),
(91, 'Notation type exam effectué pour SEBIAT Jâd', 'Notation', '2017-05-03 08:42:15', 1, 1),
(92, 'Notation type exam effectué pour TCHENIO Guillaume', 'Notation', '2017-05-03 08:42:15', 1, 1),
(93, 'Notation type exam effectué pour VILLEMON Arthur', 'Notation', '2017-05-03 08:42:16', 1, 1),
(94, 'Notation type exam effectué pour ZAPATA Guillaume', 'Notation', '2017-05-03 08:42:16', 1, 1),
(95, 'Notation type exam effectué pour AJETER testeur', 'Notation', '2017-05-03 08:42:16', 1, 1),
(96, 'Connexion à votre compte', 'Connexion', '2017-05-04 13:34:36', 1, 1),
(97, 'Notation type exam effectué pour ABBOU Yorane', 'Notation', '2017-05-04 13:49:14', 1, 1),
(98, 'Notation type exam effectué pour AKNINE Rony', 'Notation', '2017-05-04 13:49:14', 1, 1),
(99, 'Notation type exam effectué pour BOUKAIS Sid-Amhed', 'Notation', '2017-05-04 13:49:14', 1, 1);

--
-- Vider la table avant d'insérer `matiere`
--

-- TRUNCATE TABLE `matiere`;
--
-- Contenu de la table `matiere`
--

INSERT INTO `matiere` (`nom_matiere`, `id_matiere`) VALUES
('Info. Développement', 1),
('Info. Réseaux', 2),
('Info.Systèmes', 3);

--
-- Vider la table avant d'insérer `migrations`
--

-- TRUNCATE TABLE `migrations`;
--
-- Vider la table avant d'insérer `password_resets`
--

-- TRUNCATE TABLE `password_resets`;
--
-- Vider la table avant d'insérer `possede`
--

-- TRUNCATE TABLE `possede`;
--
-- Contenu de la table `possede`
--

INSERT INTO `possede` (`mention`, `date_obtention`, `id`, `id_diplome`, `users_id`) VALUES
(NULL, '2016', 1, 6, 2),
('Bien', '2016', 2, 3, 32);

--
-- Vider la table avant d'insérer `suivre`
--

-- TRUNCATE TABLE `suivre`;
--
-- Contenu de la table `suivre`
--

INSERT INTO `suivre` (`id`, `id_groupe`, `id_matiere`) VALUES
(1, 1, 1);

--
-- Vider la table avant d'insérer `users`
--

-- TRUNCATE TABLE `users`;
--
-- Contenu de la table `users`
--

INSERT INTO `users` (`id`, `name`, `role`, `email`, `password`, `remember_token`, `created_at`, `updated_at`, `nom`, `prenom`, `adresse`, `cp`, `ville`, `telephone`, `dob`) VALUES
(1, 'Alluin', 'prof', 'philippe.alluin@lyon.ort.asso.fr', '$2y$10$8.Ym65vc3EAKKe1e3zqike7yHYftgiDFGKvwix5HqRH4kWMA9BFym', 'aJ8yASXMZChPldvku6pnA0UaCc55ttHXALoXpLddnRgZGFqMqoWv0wXjRXm2', '2016-09-10 22:00:00', '2016-09-22 13:31:34', 'ALLUIN', 'Philippe', 'x', 'x', 'x', '0123456789', '1970-01-01'),
(2, 'ABBOU', 'eleve', 'y.abbou@lyon.ort.asso.fr', '$2a$10$2Ct2IQjMNmay9422KVpY9ucnuQu5N2adnzlTww4qbIdzxVTNTK6MS', NULL, '2016-09-10 22:00:00', '2016-09-12 15:00:45', 'ABBOU', 'Yorane', 'x', 'x', 'x', '0123456789', '1970-01-01'),
(3, 'ABOULIN', 'eleve', 'c.aboulin@lyon.ort.asso.fr', '$2a$10$2Ct2IQjMNmay9422KVpY9ucnuQu5N2adnzlTww4qbIdzxVTNTK6MS', NULL, '2016-09-10 22:00:00', '2016-09-12 15:00:45', 'ABOULIN', 'Christopher', 'x', 'x', 'x', '0123456789', '1970-01-01'),
(4, 'AFARIAN', 'eleve', 'j.afarian@lyon.ort.asso.fr', '$2a$10$2Ct2IQjMNmay9422KVpY9ucnuQu5N2adnzlTww4qbIdzxVTNTK6MS', NULL, '2016-09-10 22:00:00', '2016-09-12 15:00:45', 'AFARIAN', 'Julien', 'x', 'x', 'x', '0123456789', '1970-01-01'),
(5, 'AKNINE', 'eleve', 'r.aknine@lyon.ort.asso.fr', '$2a$10$2Ct2IQjMNmay9422KVpY9ucnuQu5N2adnzlTww4qbIdzxVTNTK6MS', NULL, '2016-09-10 22:00:00', '2016-09-12 15:00:45', 'AKNINE', 'Rony', 'x', 'x', 'x', '0123456789', '1970-01-01'),
(6, 'BONNIN', 'eleve', 'm.bonin@lyon.ort.asso.fr', '$2a$10$2Ct2IQjMNmay9422KVpY9ucnuQu5N2adnzlTww4qbIdzxVTNTK6MS', NULL, '2016-09-10 22:00:00', '2016-09-12 15:00:45', 'BONNIN', 'Manuel', 'x', 'x', 'x', '0123456789', '1970-01-01'),
(7, 'BOUKAIS', 'eleve', 's.boukais@lyon.ort.asso.fr', '$2a$10$2Ct2IQjMNmay9422KVpY9ucnuQu5N2adnzlTww4qbIdzxVTNTK6MS', 'wWmMYVbevuoFMDXx7Qj1KHPfMr7W6qWm49d1tjX5pT6sJukwH6LF1S7AMO54', '2016-09-10 22:00:00', '2016-09-29 11:04:51', 'BOUKAIS', 'Sid-Amhed', 'x', 'x', 'x', '0123456789', '1970-01-01'),
(8, 'BOULGHIB', 'eleve', 'j.boulghib@lyon.ort.asso.fr', '$2a$10$2Ct2IQjMNmay9422KVpY9ucnuQu5N2adnzlTww4qbIdzxVTNTK6MS', NULL, '2016-09-10 22:00:00', '2016-09-12 15:00:45', 'BOULGHIB', 'Jalil', 'x', 'x', 'x', '0123456789', '1970-01-01'),
(9, 'CASAGRANDI', 'eleve', 'n.casagrandi@lyon.ort.asso.fr', '$2a$10$2Ct2IQjMNmay9422KVpY9ucnuQu5N2adnzlTww4qbIdzxVTNTK6MS', NULL, '2016-09-10 22:00:00', '2016-09-12 15:00:45', 'CASAGRANDI', 'Nathan', 'x', 'x', 'x', '0123456789', '1970-01-01'),
(10, 'CASCHERA', 'eleve', 'y.caschera@lyon.ort.asso.fr', '$2a$10$2Ct2IQjMNmay9422KVpY9ucnuQu5N2adnzlTww4qbIdzxVTNTK6MS', NULL, '2016-09-10 22:00:00', '2016-09-12 15:00:45', 'CASCHERA', 'Yohan', 'x', 'x', 'x', '0123456789', '1970-01-01'),
(12, 'DEYRIEUX', 'eleve', 't.deyrieux@lyon.ort.asso.fr', '$2a$10$2Ct2IQjMNmay9422KVpY9ucnuQu5N2adnzlTww4qbIdzxVTNTK6MS', NULL, '2016-09-10 22:00:00', '2016-09-12 15:00:45', 'DEYRIEUX', 'Thomas', 'x', 'x', 'x', '0123456789', '1970-01-01'),
(13, 'EKICI', 'eleve', 'e.ekici@lyon.ort.asso.fr', '$2a$10$2Ct2IQjMNmay9422KVpY9ucnuQu5N2adnzlTww4qbIdzxVTNTK6MS', NULL, '2016-09-10 22:00:00', '2016-09-12 15:00:45', 'EKICI', 'Elias', 'x', 'x', 'x', '0123456789', '1970-01-01'),
(14, 'FELIX', 'eleve', 'g.felix@lyon.ort.asso.fr', '$2a$10$2Ct2IQjMNmay9422KVpY9ucnuQu5N2adnzlTww4qbIdzxVTNTK6MS', NULL, '2016-09-10 22:00:00', '2016-09-12 15:00:45', 'FELIX', 'Gabriel', 'x', 'x', 'x', '0123456789', '1970-01-01'),
(15, 'FOUARD', 'eleve', 'c.fouard@lyon.ort.asso.fr', '$2a$10$2Ct2IQjMNmay9422KVpY9ucnuQu5N2adnzlTww4qbIdzxVTNTK6MS', NULL, '2016-09-10 22:00:00', '2016-09-12 15:00:45', 'FOUARD', 'Cédric', 'x', 'x', 'x', '0123456789', '1970-01-01'),
(16, 'GRESSET-BOURGEOIS', 'eleve', 't.gresset@lyon.ort.asso.fr', '$2a$10$2Ct2IQjMNmay9422KVpY9ucnuQu5N2adnzlTww4qbIdzxVTNTK6MS', NULL, '2016-09-10 22:00:00', '2016-09-12 15:00:45', 'GRESSET-BOURGEOIS', 'Thomas', 'x', 'x', 'x', '0123456789', '1970-01-01'),
(17, 'JOLY', 'eleve', 'y.joly@lyon.ort.asso.fr', '$2a$10$2Ct2IQjMNmay9422KVpY9ucnuQu5N2adnzlTww4qbIdzxVTNTK6MS', NULL, '2016-09-10 22:00:00', '2016-09-12 15:00:45', 'JOLY', 'Ymahé', 'x', 'x', 'x', '0123456789', '1970-01-01'),
(18, 'LEMAITRE', 'eleve', 'n.lemaitre@lyon.ort.asso.fr', '$2a$10$2Ct2IQjMNmay9422KVpY9ucnuQu5N2adnzlTww4qbIdzxVTNTK6MS', NULL, '2016-09-10 22:00:00', '2016-09-12 15:00:45', 'LEMAITRE', 'Nôam', 'x', 'x', 'x', '0123456789', '1970-01-01'),
(19, 'LOPEZ', 'eleve', 't.lopez@lyon.ort.asso.fr', '$2a$10$2Ct2IQjMNmay9422KVpY9ucnuQu5N2adnzlTww4qbIdzxVTNTK6MS', NULL, '2016-09-10 22:00:00', '2016-09-12 15:00:45', 'LOPEZ', 'Thibault', 'x', 'x', 'x', '0123456789', '1970-01-01'),
(20, 'MARCILLOUX', 'eleve', 'f.marcilloux@lyon.ort.asso.fr', '$2a$10$2Ct2IQjMNmay9422KVpY9ucnuQu5N2adnzlTww4qbIdzxVTNTK6MS', '9h5WOA5qSFgNyCT8UOS5pJSde9X2vUiqo4Ysb4mEoTiNGyXJAyxPiTEoLGh4', '2016-09-10 22:00:00', '2016-09-29 11:02:46', 'MARCILLOUX', 'Florian', 'x', 'x', 'x', '0123456789', '1970-01-01'),
(21, 'MARTIN', 'eleve', 'a.martin@lyon.ort.asso.fr', '$2a$10$2Ct2IQjMNmay9422KVpY9ucnuQu5N2adnzlTww4qbIdzxVTNTK6MS', NULL, '2016-09-10 22:00:00', '2016-09-12 15:00:45', 'MARTIN', 'Antoine', 'x', 'x', 'x', '0123456789', '1970-01-01'),
(22, 'MEIRELES', 'eleve', 'e.meireles@lyon.ort.asso.fr', '$2a$10$2Ct2IQjMNmay9422KVpY9ucnuQu5N2adnzlTww4qbIdzxVTNTK6MS', NULL, '2016-09-10 22:00:00', '2016-09-12 15:00:45', 'MEIRELES', 'Everardo', 'x', 'x', 'x', '0123456789', '1970-01-01'),
(23, 'PARIS', 'eleve', 'j.paris@lyon.ort.asso.fr', '$2a$10$2Ct2IQjMNmay9422KVpY9ucnuQu5N2adnzlTww4qbIdzxVTNTK6MS', NULL, '2016-09-10 22:00:00', '2016-09-12 15:00:45', 'PARIS', 'Jean-Christophe', 'x', 'x', 'x', '0123456789', '1970-01-01'),
(24, 'PERRIER', 'eleve', 'a.perrier@lyon.ort.asso.fr', '$2a$10$2Ct2IQjMNmay9422KVpY9ucnuQu5N2adnzlTww4qbIdzxVTNTK6MS', '96hddFujhupb4ut7zT7dZeRcmJ0kUSGYvOArTwqEpWvJnO8N1vrLjQFuTjaf', '2016-09-10 22:00:00', '2016-09-28 17:20:29', 'PERRIER', 'Alexis', 'x', 'x', 'x', '0123456789', '1970-01-01'),
(25, 'PONTACCIOLO', 'eleve', 'm.pontacciolo@lyon.ort.asso.fr', '$2a$10$2Ct2IQjMNmay9422KVpY9ucnuQu5N2adnzlTww4qbIdzxVTNTK6MS', NULL, '2016-09-10 22:00:00', '2016-09-12 15:00:45', 'PONTACCIOLO', 'Maxence', 'x', 'x', 'x', '0123456789', '1970-01-01'),
(26, 'ROBERT', 'eleve', 't.robert@lyon.ort.asso.fr', '$2a$10$2Ct2IQjMNmay9422KVpY9ucnuQu5N2adnzlTww4qbIdzxVTNTK6MS', NULL, '2016-09-10 22:00:00', '2016-09-12 15:00:45', 'ROBERT', 'Théry', 'x', 'x', 'x', '0123456789', '1970-01-01'),
(27, 'SAVOLLE', 'eleve', 'l.savolle@lyon.ort.asso.fr', '$2a$10$2Ct2IQjMNmay9422KVpY9ucnuQu5N2adnzlTww4qbIdzxVTNTK6MS', 'KsJupnFpRCHAbMh22dZW9l4LGLlXWrGJJvhGVWHZRW7HY88nP62jOQ6CrIP7', '2016-09-10 22:00:00', '2016-09-29 11:06:40', 'SAVOLLE', 'Léonard', 'x', 'x', 'x', '0123456789', '1970-01-01'),
(28, 'SEBIAT', 'eleve', 'j.sabiat@lyon.ort.asso.fr', '$2a$10$2Ct2IQjMNmay9422KVpY9ucnuQu5N2adnzlTww4qbIdzxVTNTK6MS', NULL, '2016-09-10 22:00:00', '2016-09-12 15:00:45', 'SEBIAT', 'Jâd', 'x', 'x', 'x', '0123456789', '1970-01-01'),
(29, 'TCHENIO', 'eleve', 'g.tchenio@lyon.ort.asso.fr', '$2a$10$2Ct2IQjMNmay9422KVpY9ucnuQu5N2adnzlTww4qbIdzxVTNTK6MS', NULL, '2016-09-10 22:00:00', '2016-09-12 15:00:45', 'TCHENIO', 'Guillaume', 'x', 'x', 'x', '0123456789', '1970-01-01'),
(30, 'VILLEMON', 'eleve', 'a.villemon@lyon.ort.asso.fr', '$2a$10$2Ct2IQjMNmay9422KVpY9ucnuQu5N2adnzlTww4qbIdzxVTNTK6MS', 'szLtKACnZw7iNp065hESY5d88YSbbX4EgFlzMtcGyEXczUpi4jtD5AAMkoPw', '2016-09-10 22:00:00', '2016-09-29 11:02:45', 'VILLEMON', 'Arthur', 'x', 'x', 'x', '0123456789', '1970-01-01'),
(31, 'ZAPATA', 'eleve', 'g.zapata@lyon.ort.asso.fr', '$2a$10$2Ct2IQjMNmay9422KVpY9ucnuQu5N2adnzlTww4qbIdzxVTNTK6MS', NULL, '2016-09-10 22:00:00', '2016-09-12 15:00:45', 'ZAPATA', 'Guillaume', 'x', 'x', 'x', '0123456789', '1970-01-01'),
(32, 'AJETER', 'eleve', 'a.jeter@lyon.ort.asso.fr', '$2a$10$2Ct2IQjMNmay9422KVpY9ucnuQu5N2adnzlTww4qbIdzxVTNTK6MS', 'Fe0onAy07vxuK7WnaGCEtHfuTtVOMPPCPAvLNfkk0iZAgFSw1MaxehGjBIfj', '2016-09-10 22:00:00', '2016-09-22 13:21:49', 'AJETER', 'testeur', 'x', 'x', 'x', '0123456789', '1970-01-01'),
(33, 'Lefebvre', 'prof', 'regis.lefebvre@lyon.ort.asso.fr', '$2a$10$I3hAFfN1NAZ5Z1jHOmel8OXaqvQvhME4hwkaVRkOxpN4KolYlG.Ku', 'MM1bUUOq7DBwu7WLt6jJJodjzlWkmVGevPRJHHaLkkKy6V4zivTUSPPEkArO', '2016-09-26 09:00:00', '2016-09-26 09:02:51', 'LEFEBVRE', 'Régis', 'x', 'x', 'x', '0123456789', '1970-01-01');

/*!40101 SET CHARACTER_SET_CLIENT=@OLD_CHARACTER_SET_CLIENT */;
/*!40101 SET CHARACTER_SET_RESULTS=@OLD_CHARACTER_SET_RESULTS */;
/*!40101 SET COLLATION_CONNECTION=@OLD_COLLATION_CONNECTION */;
